Active Life (active)
Amateur Sports Teams (amateursportsteams)
Amusement Parks (amusementparks)
Aquariums (aquariums)
Archery (archery)
Badminton (badminton)
Beaches (beaches)
Bike Rentals (bikerentals)
Boating (boating)
Bowling (bowling)
Climbing (climbing)
Day Camps (daycamps)
Disc Golf (discgolf)
Diving (diving)
Free Diving (freediving)
Scuba Diving (scuba)
Fencing Clubs (fencing)
Fishing (fishing)
Fitness & Instruction (fitness)
Boxing (boxing)
Dance Studios (dancestudio)
Gyms (gyms)
Martial Arts (martialarts)
Meditation Centers (meditationcenters)
Pilates (pilates)
Swimming Lessons/Schools (swimminglessons)
Tai Chi (taichi)
Trainers (healthtrainers)
Yoga (yoga)
Flyboarding (flyboarding)
Go Karts (gokarts)
Golf (golf)
Gun/Rifle Ranges (gun_ranges)
Gymnastics (gymnastics)
Hiking (hiking)
Horseback Riding (horsebackriding)
Jet Skis (jetskis)
Lakes (lakes)
Laser Tag (lasertag)
Leisure Centres (leisure_centers)
Mini Golf (mini_golf)
Mountain Biking (mountainbiking)
Paintball (paintball)
Parks (parks)
Dog Parks (dog_parks)
Skate Parks (skate_parks)
Playgrounds (playgrounds)
Rafting/Kayaking (rafting)
Recreation Centres (recreation)
Sailing (sailing)
Skating Rinks (skatingrinks)
Skiing (skiing)
Skydiving (skydiving)
Sledding (sledding)
Soccer (football)
Sports Clubs (sports_clubs)
Squash (squash)
Summer Camps (summer_camps)
Swimming Pools (swimmingpools)
Tennis (tennis)
Trampoline Parks (trampoline)
Zoos (zoos)
Arts & Entertainment (arts)
Arcades (arcades)
Art Galleries (galleries)
Botanical Gardens (gardens)
Cabaret (cabaret)
Casinos (casinos)
Cinema (movietheaters)
Festivals (festivals)
Jazz & Blues (jazzandblues)
Museums (museums)
Music Venues (musicvenues)
Observatories (observatories)
Opera & Ballet (opera)
Performing Arts (theater)
Planetarium (planetarium)
Professional Sports Teams (sportsteams)
Psychics & Astrologers (psychic_astrology)
Social Clubs (social_clubs)
Stadiums & Arenas (stadiumsarenas)
Ticket Sales (ticketsales)
Wineries (wineries)
Automotive (auto)
Auto Detailing (auto_detailing)
Auto Glass Services (autoglass)
Auto Parts & Supplies (autopartssupplies)
Auto Repair (autorepair)
Body Shops (bodyshops)
Car Dealers (car_dealers)
Car Share Services (carshares)
Car Stereo Installation (stereo_installation)
Car Wash (carwash)
Gas & Service Stations (servicestations)
Motorcycle Dealers (motorcycledealers)
Motorcycle Repair (motorcyclerepair)
Oil Change Stations (oilchange)
Parking (parking)
RV Dealers (rv_dealers)
RV Repair (rvrepair)
Smog Check Stations (smog_check_stations)
Tires (tires)
Towing (towing)
Truck Rental (truck_rental)
Vehicle Shipping (vehicleshipping)
Windshield Installation & Repair (windshieldinstallrepair)
Beauty & Spas (beautysvc)
Barbers (barbers)
Cosmetics & Beauty Supply (cosmetics)
Day Spas (spas)
Erotic Massage (eroticmassage)
Eyelash Service (eyelashservice)
Hair Extensions (hair_extensions)
Hair Loss Centers (hairloss)
Hair Removal (hairremoval)
Laser Hair Removal (laser_hair_removal)
Waxing (waxing)
Hair Salons (hair)
Blow Dry/Out Services (blowoutservices)
Hair Extensions (hair_extensions)
Makeup Artists (makeupartists)
Massage (massage)
Medical Spas (medicalspa)
Nail Salons (othersalons)
Piercing (piercing)
Rolfing (rolfing)
Skin Care (skincare)
Tanning (tanning)
Tanning Beds (tanningbeds)
Tattoo (tattoo)
Education (education)
Art Classes (artclasses)
Colleges & Universities (collegeuniv)
Continuing Education (adultedu)
Educational Services (educationservices)
Elementary Schools (elementaryschools)
Junior High & High Schools (highschools)
Preschools (preschools)
Private Tutors (privatetutors)
Special Education (specialed)
Specialty Schools (specialtyschools)
Art Schools (artschools)
Bartending Schools (bartendingschools)
Cooking Schools (cookingschools)
Cosmetology Schools (cosmetology_schools)
Dance Schools (dance_schools)
Driving Schools (driving_schools)
First Aid Classes (firstaidclasses)
Flight Instruction (flightinstruction)
Language Schools (language_schools)
Massage Schools (massage_schools)
Nursing Schools (nursingschools)
Parenting Classes (parentingclasses)
Ski Schools (skischools)
Swimming Lessons/Schools (swimminglessons)
Vocational & Technical School (vocation)
Test Preparation (testprep)
Tutoring Centres (tutoring)
Event Planning & Services (eventservices)
Bartenders (bartenders)
Boat Charters (boatcharters)
Cards & Stationery (stationery)
Caterers (catering)
Clowns (clowns)
DJs (djs)
Hotels (hotels)
Rest Stops (reststops)
Magicians (magicians)
Musicians (musicians)
Party & Event Planning (eventplanning)
Party Supplies (partysupplies)
Personal Chefs (personalchefs)
Photo Booth Rentals (photoboothrentals)
Photographers (photographers)
Venues & Event Spaces (venues)
Videographers (videographers)
Wedding Planning (wedding_planning)
Financial Services (financialservices)
Banks & Credit Unions (banks)
Cheque Cashing/Pay-day Loans (paydayloans)
Currency Exchange (currencyexchange)
Financial Advising (financialadvising)
Insurance (insurance)
Investing (investing)
Tax Services (taxservices)
Food (food)
Bagels (bagels)
Bakeries (bakeries)
Beer, Wine & Spirits (beer_and_wine)
Breweries (breweries)
Butcher (butcher)
Coffee & Tea (coffee)
Convenience Stores (convenience)
Delicatessen (delicatessen)
Desserts (desserts)
Distilleries (distilleries)
Do-It-Yourself Food (diyfood)
Donairs (donairs)
Doughnuts (donuts)
Farmers' Market (farmersmarket)
Food Delivery Services (fooddeliveryservices)
Food Trucks (foodtrucks)
Grocery (grocery)
Ice Cream & Frozen Yogurt (icecream)
Internet Cafes (internetcafe)
Juice Bars & Smoothies (juicebars)
Organic Stores (organic_stores)
Specialty Food (gourmet)
Candy Stores (candy)
Cheese Shops (cheese)
Chocolatiers & Shops (chocolate)
Ethnic Food (ethnicmarkets)
Fruits & Veggies (markets)
Health Food Store (healthmarkets)
Herbs & Spices (herbsandspices)
Meat Shops (meats)
Seafood Markets (seafoodmarkets)
Street Vendors (streetvendors)
Tea Rooms (tea)
Wineries (wineries)
Health & Medical (health)
Acupuncture (acupuncture)
Cannabis Clinics (cannabis_clinics)
Chiropractors (chiropractors)
Counselling & Mental Health (c_and_mh)
Sex Therapists (sextherapists)
Dental Hygienists (dentalhygienists)
Mobile Clinics (dentalhygienistsmobile)
Storefront Clinics (dentalhygeiniststorefront, dentalhygieniststorefront)
Dentists (dentists)
Cosmetic Dentists (cosmeticdentists)
Endodontists (endodontists)
General Dentistry (generaldentistry)
Oral Surgeons (oralsurgeons)
Orthodontists (orthodontists)
Pediatric Dentists (pediatric_dentists)
Periodontists (periodontists)
Diagnostic Services (diagnosticservices)
Diagnostic Imaging (diagnosticimaging)
Doctors (physicians)
Allergists (allergist)
Audiologist (audiologist)
Cardiologists (cardiology)
Cosmetic Surgeons (cosmeticsurgeons)
Dermatologists (dermatology)
Ear Nose & Throat (earnosethroat)
Family Practice (familydr)
Fertility (fertility)
Gastroenterologist (gastroenterologist)
Gerontologists (gerontologist)
Internal Medicine (internalmed)
Naturopathic/Holistic (naturopathic)
Neurologist (neurologist)
Obstetricians & Gynecologists (obgyn)
Oncologist (oncologist)
Ophthalmologists (opthamalogists)
Orthopedists (orthopedists)
Osteopathic Physicians (osteopathicphysicians)
Pediatricians (pediatricians)
Podiatrists (podiatrists)
Proctologists (proctologist)
Psychiatrists (psychiatrists)
Pulmonologist (pulmonologist)
Radiologists (radiologists)
Sports Medicine (sportsmed)
Tattoo Removal (tattooremoval)
Urologists (urologists)
Hearing Aid Providers (hearingaidproviders)
Home Health Care (homehealthcare)
Hospice (hospice)
Hospitals (hospitals)
Hypnosis/Hypnotherapy (hypnosis)
Laser Eye Surgery/Lasik (laserlasikeyes)
Lice Services (liceservices)
Medical Clinics (medcenters)
Walk-in Clinics (walkinclinics)
Medical Spas (medicalspa)
Midwives (midwives)
Nurse Practitioner (nursepractitioner)
Nutritionists (nutritionists)
Occupational Therapy (occupationaltherapy)
Optometrists (optometrists)
Pharmacy (pharmacy)
Physical Therapy (physicaltherapy)
Reflexology (reflexology)
Reiki (reiki)
Retirement Homes (retirement_homes)
Sleep Specialists (sleepspecialists)
Speech Therapists (speech_therapists)
Traditional Chinese Medicine (tcm)
Urgent Care (urgent_care)
Weight Loss Centres (weightlosscenters)
Home Services (homeservices)
Building Supplies (buildingsupplies)
Cabinetry (cabinetry)
Carpenters (carpenters)
Carpet Installation (carpetinstallation)
Carpeting (carpeting)
Chimney Sweeps (chimneysweeps)
Contractors (contractors)
Drywall Installation & Repair (drywall)
Electricians (electricians)
Fire Protection Services (fireprotection)
Fireplace Services (fireplace)
Flooring (flooring)
Furniture Assembly (furnitureassembly)
Garage Door Services (garage_door_services)
Gardeners (gardeners)
Gutter Services (gutterservices)
Handyman (handyman)
Heating & Air Conditioning/HVAC (hvac)
Home Cleaning (homecleaning)
Home Inspectors (home_inspectors)
Home Organization (home_organization)
Home Theatre Installation (hometheatreinstallation)
Insulation Installation (insulationinstallation)
Interior Design (interiordesign)
Internet Service Providers (isps)
Keys & Locksmiths (locksmiths)
Landscape Architects (landscapearchitects)
Landscaping (landscaping)
Lighting Fixtures & Equipment (lighting)
Masonry/Concrete (masonry_concrete)
Movers (movers)
Painters (painters)
Plumbing (plumbing)
Pool & Hot Tub Service (poolservice)
Pool Cleaners (poolcleaners)
Pressure Washers (pressurewashers)
Real Estate (realestate)
Apartments (apartments)
Commercial Real Estate (commercialrealestate)
Estate Liquidation (estateliquidation)
Home Staging (homestaging)
Mobile Home Dealers (mobilehomes)
Mortgage Brokers (mortgagebrokers)
Property Management (propertymgmt)
Real Estate Agents (realestateagents)
Real Estate Services (realestatesvcs)
Shared Office Spaces (sharedofficespaces)
University Housing (university_housing)
Refinishing Services (refinishing)
Roofing (roofing)
Security Systems (securitysystems)
Shades & Blinds (blinds)
Shutters (shutters)
Solar Installation (solarinstallation)
Structural Engineers (structuralengineers)
Stucco Services (stucco)
Television Service Providers (televisionserviceproviders)
Tree Services (treeservices)
Water Purification Services (waterpurification)
Window Washing (windowwashing)
Windows Installation (windowsinstallation)
Hotels & Travel (hotelstravel)
Airports (airports)
Bed & Breakfast (bedbreakfast)
Campgrounds (campgrounds)
Car Rental (carrental)
Guest Houses (guesthouses)
Health Retreats (healthretreats)
Hostels (hostels)
Hotels (hotels)
Rest Stops (reststops)
RV Rental (rvrental)
Ski Resorts (skiresorts)
Tours (tours)
Architectural Tours (architecturaltours)
Art Tours (arttours)
Bus Tours (bustours)
Food Tours (foodtours)
Historical Tours (historicaltours)
Walking Tours (walkingtours)
Wine Tours (winetours)
Train Stations (trainstations)
Transportation (transport)
Airlines (airlines)
Airport Shuttles (airport_shuttles)
Bike Sharing (bikesharing)
Buses (buses)
Limos (limos)
Public Transportation (publictransport)
Taxis (taxis)
Travel Services (travelservices)
Vacation Rental Agents (vacationrentalagents)
Vacation Rentals (vacation_rentals)
Local Flavour (localflavor)
Yelp Events (yelpevents)
Local Services (localservices)
Adoption Services (adoptionservices)
Appliances & Repair (homeappliancerepair)
Appraisal Services (appraisalservices)
Bike Repair/Maintenance (bike_repair_maintenance)
Carpet Cleaning (carpet_cleaning)
Child Care & Day Care (childcare)
Community Service/Non-Profit (nonprofit)
Food Banks (foodbanks)
Couriers & Delivery Services (couriers)
Dry Cleaning & Laundry (drycleaninglaundry)
Electronics Repair (electronicsrepair)
Funeral Services & Cemeteries (funeralservices)
Furniture Repair (furniturerepair)
Furniture Reupholstery (reupholstery)
IT Services & Computer Repair (itservices)
Mobile Phone Repair (mobilephonerepair)
Telecommunications (telecommunications)
Jewelry Repair (jewelryrepair)
Junk Removal & Hauling (junkremovalandhauling)
Metal Fabricators (metalfabricators)
Musical Instrument Services (musicinstrumentservices)
Guitar Stores (guitarstores)
Piano Services (pianoservices)
Piano Stores (pianostores)
Notaries (notaries)
Pest Control (pest_control)
Printing Services (copyshops)
Propane (propane)
Recording & Rehearsal Studios (recording_studios)
Recycling Center (recyclingcenter)
Screen Printing (screenprinting)
Self Storage (selfstorage)
Septic Services (septicservices)
Sewing & Alterations (sewingalterations)
Shipping Centres (shipping_centers)
Shoe Repair (shoerepair)
Snow Removal (snowremoval)
Watch Repair (watch_repair)
Mass Media (massmedia)
Print Media (printmedia)
Radio Stations (radiostations)
Television Stations (televisionstations)
Nightlife (nightlife)
Adult Entertainment (adultentertainment)
Bars (bars)
Airport Lounges (airportlounges)
Champagne Bars (champagne_bars)
Cocktail Bars (cocktailbars)
Dive Bars (divebars)
Gay Bars (gaybars)
Hookah Bars (hookah_bars)
Irish Pub (irish_pubs)
Lounges (lounges)
Pubs (pubs)
Sports Bars (sportsbars)
Wine Bars (wine_bars)
Comedy Clubs (comedyclubs)
Dance Clubs (danceclubs)
Jazz & Blues (jazzandblues)
Karaoke (karaoke)
Music Venues (musicvenues)
Piano Bars (pianobars)
Pool Halls (poolhalls)
Pets (pets)
Animal Shelters (animalshelters)
Pet Adoption (petadoption)
Pet Services (petservices)
Aquarium Services (aquariumservices)
Dog Walkers (dogwalkers)
Pet Boarding/Pet Sitting (pet_sitting)
Pet Groomers (groomer)
Pet Training (pet_training)
Pet Stores (petstore)
Veterinarians (vet)
Professional Services (professional)
Accountants (accountants)
Advertising (advertising)
Architects (architects)
Boat Repair (boatrepair)
Career Counselling (careercounseling)
Employment Agencies (employmentagencies)
Graphic Design (graphicdesign)
Internet Service Providers (isps)
Lawyers (lawyers)
Bankruptcy Law (bankruptcy)
Business Law (businesslawyers)
Criminal Defense Law (criminaldefense)
DUI Law (duilawyers)
Divorce & Family Law (divorce)
Employment Law (employmentlawyers)
Estate Planning Law (estateplanning)
General Litigation (general_litigation)
Immigration Law (immigrationlawyers)
Personal Injury Law (personal_injury)
Real Estate Law (realestatelawyers)
Life Coach (lifecoach)
Marketing (marketing)
Matchmakers (matchmakers)
Music Production Services (musicproduction)
Office Cleaning (officecleaning)
Private Investigation (privateinvestigation)
Public Relations (publicrelations)
Software Development (softwaredevelopment)
Tenant and Eviction Law (tenantlaw)
Translation Services (translationservices)
Video/Film Production (videofilmproductions)
Web Design (web_design)
Public Services & Government (publicservicesgovt)
Community Centers (communitycenters)
Embassy (embassy)
Landmarks & Historical Buildings (landmarks)
Libraries (libraries)
Ministry of Transportation (departmentsofmotorvehicles)
Police Departments (policedepartments)
Post Offices (postoffices)
Real Estate (realestate)
Apartments (apartments)
Commercial Real Estate (commercialrealestate)
Estate Liquidation (estateliquidation)
Home Staging (homestaging)
Mobile Home Dealers (mobilehomes)
Mortgage Brokers (mortgagebrokers)
Property Management (propertymgmt)
Real Estate Agents (realestateagents)
Real Estate Services (realestatesvcs)
Shared Office Spaces (sharedofficespaces)
University Housing (university_housing)
Religious Organizations (religiousorgs)
Buddhist Temples (buddhist_temples)
Churches (churches)
Hindu Temples (hindu_temples)
Mosques (mosques)
Synagogues (synagogues)
Restaurants (restaurants)
Afghan (afghani)
African (african)
Senegalese (senegalese)
South African (southafrican)
American (Traditional) (tradamerican)
Arabian (arabian)
Argentine (argentine)
Asian Fusion (asianfusion)
Australian (australian)
Austrian (austrian)
Bangladeshi (bangladeshi)
Barbeque (bbq)
Basque (basque)
Belgian (belgian)
Brasseries (brasseries)
Brazilian (brazilian)
Breakfast & Brunch (breakfast_brunch)
British (british)
Buffets (buffets)
Burgers (burgers)
Burmese (burmese)
Cafes (cafes)
Cajun/Creole (cajun)
Cambodian (cambodian)
Canadian (New) (newcanadian)
Caribbean (caribbean)
Haitian (haitian)
Cheesesteaks (cheesesteaks)
Chicken Shop (chickenshop)
Chicken Wings (chicken_wings)
Chinese (chinese)
Dim Sum (dimsum)
Comfort Food (comfortfood)
Creperies (creperies)
Cuban (cuban)
Czech (czech)
Delis (delis)
Diners (diners)
Ethiopian (ethiopian)
Fast Food (hotdogs)
Filipino (filipino)
Fish & Chips (fishnchips)
Fondue (fondue)
Food Court (food_court)
Food Stands (foodstands)
French (french)
Gastropubs (gastropubs)
German (german)
Gluten-Free (gluten_free)
Greek (greek)
Halal (halal)
Hawaiian (hawaiian)
Himalayan/Nepalese (himalayan)
Hot Dogs (hotdog)
Hot Pot (hotpot)
Hungarian (hungarian)
Iberian (iberian)
Indian (indpak)
Indonesian (indonesian)
Irish (irish)
Italian (italian)
Japanese (japanese)
Ramen (ramen)
Korean (korean)
Kosher (kosher)
Laotian (laotian)
Latin American (latin)
Colombian (colombian)
Salvadoran (salvadoran)
Venezuelan (venezuelan)
Live/Raw Food (raw_food)
Malaysian (malaysian)
Mediterranean (mediterranean)
Falafel (falafel)
Mexican (mexican)
Middle Eastern (mideastern)
Egyptian (egyptian)
Lebanese (lebanese)
Modern European (modern_european)
Mongolian (mongolian)
Moroccan (moroccan)
Pakistani (pakistani)
Persian/Iranian (persian)
Peruvian (peruvian)
Pizza (pizza)
Polish (polish)
Portuguese (portuguese)
Poutineries (poutineries)
Russian (russian)
Salad (salad)
Sandwiches (sandwiches)
Scandinavian (scandinavian)
Scottish (scottish)
Seafood (seafood)
Singaporean (singaporean)
Slovakian (slovakian)
Soul Food (soulfood)
Soup (soup)
Southern (southern)
Spanish (spanish)
Sri Lankan (srilankan)
Steakhouses (steak)
Sushi Bars (sushi)
Taiwanese (taiwanese)
Tapas Bars (tapas)
Tapas/Small Plates (tapasmallplates)
Tex-Mex (tex-mex)
Thai (thai)
Turkish (turkish)
Ukrainian (ukrainian)
Vegan (vegan)
Vegetarian (vegetarian)
Vietnamese (vietnamese)
Shopping (shopping)
Adult (adult)
Antiques (antiques)
Art Galleries (galleries)
Arts & Crafts (artsandcrafts)
Art Supplies (artsupplies)
Cards & Stationery (stationery)
Cooking Classes (cookingclasses)
Costumes (costumes)
Fabric Stores (fabricstores)
Framing (framing)
Baby Gear & Furniture (baby_gear)
Battery Stores (batterystores)
Books, Mags, Music & Video (media)
Bookstores (bookstores)
Comic Books (comicbooks)
Music & DVDs (musicvideo)
Newspapers & Magazines (mags)
Video Game Stores (videogamestores)
Videos & Video Game Rental (videoandgames)
Vinyl Records (vinyl_records)
Brewing Supplies (brewingsupplies)
Bridal (bridal)
Computers (computers)
Cosmetics & Beauty Supply (cosmetics)
Customized Merchandise (custommerchandise)
Department Stores (deptstores)
Dollar Store (discountstore)
Drugstores (drugstores)
Electronics (electronics)
Eyewear & Opticians (opticians)
Fashion (fashion)
Accessories (accessories)
Children's Clothing (childcloth)
Department Stores (deptstores)
Formal Wear (formalwear)
Hats (hats)
Leather Goods (leather)
Lingerie (lingerie)
Maternity Wear (maternity)
Men's Clothing (menscloth)
Shoe Stores (shoes)
Sports Wear (sportswear)
Swimwear (swimwear)
Used, Vintage & Consignment (vintage)
Women's Clothing (womenscloth)
Fitness/Exercise Equipment (fitnessequipment)
Flea Markets (fleamarkets)
Flowers & Gifts (flowers)
Cards & Stationery (stationery)
Florists (florists)
Gift Shops (giftshops)
Gold Buyers (goldbuyers)
High Fidelity Audio Equipment (hifi)
Hobby Shops (hobbyshops)
Home & Garden (homeandgarden)
Appliances (appliances)
Christmas Trees (christmastrees)
Furniture Stores (furniture)
Hardware Stores (hardware)
Home Decor (homedecor)
Hot Tub & Pool (hottubandpool)
Kitchen & Bath (kitchenandbath)
Mattresses (mattresses)
Nurseries & Gardening (gardening)
Jewellery (jewelry)
Knitting Supplies (knittingsupplies)
Luggage (luggage)
Medical Supplies (medicalsupplies)
Mobile Phones (mobilephones)
Musical Instruments & Teachers (musicalinstrumentsandteachers)
Office Equipment (officeequipment)
Outlet Stores (outlet_stores)
Pawn Shops (pawn)
Personal Shopping (personal_shopping)
Photography Stores & Services (photographystores)
Pool & Billiards (poolbilliards)
Pop-up Shops (popupshops)
Shopping Centres (shoppingcenters)
Sporting Goods (sportgoods)
Bikes (bikes)
Golf Equipment (golfequipment)
Outdoor Gear (outdoorgear)
Skate Shops (skateshops)
Ski & Snowboard Shops (skishops)
Sports Wear (sportswear)
Thrift Stores (thrift_stores)
Tobacco Shops (tobaccoshops)
Toy Stores (toys)
Uniforms (uniforms)
Vape Shops (vapeshops)
Watches (watches)
Wholesale Stores (wholesale_stores)
Wigs (wigs)
